,Excess Readmission Ratio_standardized,Predicted Readmission Rate_standardized,Expected Readmission Rate_standardized
count,3855.0,3855.0,3855.0
mean,1.2275524306516906e-15,1.0174308434230228e-15,-8.146819434655364e-16
std,1.0001297269253688,1.000129726925369,1.000129726925369
min,-3.5961129143429003,-2.6088972962094243,-3.148611466054419
25%,-0.6148530484551824,-0.7517001487297904,-0.7384377646041801
50%,0.012780607521180043,-0.06955427702518523,-0.1117926022271189
75%,0.6404142634975425,0.6632024174187932,0.6701748653545146
max,7.544384479237522,4.6042451794282995,4.397910190264218
